,Symbol,Security
0,MMM,3M
1,AOS,A. O. Smith
2,ABT,Abbott
3,ABBV,AbbVie
4,ACN,Accenture
5,ATVI,Activision Blizzard
6,ADM,ADM
7,ADBE,Adobe Inc.
8,ADP,ADP
9,AAP,Advance Auto Parts
10,AES,AES Corporation
11,AFL,Aflac
12,A,Agilent Technologies
13,APD,Air Products and Chemicals
14,AKAM,Akamai
15,ALK,Alaska Air Group
16,ALB,Albemarle Corporation
17,ARE,Alexandria Real Estate Equities
18,ALGN,Align Technology
19,ALLE,Allegion
20,LNT,Alliant Energy
21,ALL,Allstate
22,GOOGL,Alphabet Inc. (Class A)
23,GOOG,Alphabet Inc. (Class C)
24,MO,Altria
25,AMZN,Amazon
26,AMCR,Amcor
27,AMD,AMD
28,AEE,Ameren
29,AAL,American Airlines Group
30,AEP,American Electric Power
31,AXP,American Express
32,AIG,American International Group
33,AMT,American Tower
34,AWK,American Water Works
35,AMP,Ameriprise Financial
36,ABC,AmerisourceBergen
37,AME,Ametek
38,AMGN,Amgen
39,APH,Amphenol
40,ADI,Analog Devices
41,ANSS,Ansys
42,AON,Aon
43,APA,APA Corporation
44,AAPL,Apple Inc.
45,AMAT,Applied Materials
46,APTV,Aptiv
47,ACGL,Arch Capital Group
48,ANET,Arista Networks
49,AJG,Arthur J. Gallagher & Co.
50,AIZ,Assurant
51,T,AT&T
52,ATO,Atmos Energy
53,ADSK,Autodesk
54,AZO,AutoZone
55,AVB,AvalonBay Communities
56,AVY,Avery Dennison
57,AXON,Axon Enterprise
58,BKR,Baker Hughes
59,BALL,Ball Corporation
60,BAC,Bank of America
61,BBWI,"Bath & Body Works, Inc."
62,BAX,Baxter International
63,BDX,Becton Dickinson
64,WRB,Berkley
65,BRK.B,Berkshire Hathaway
66,BBY,Best Buy
67,BIO,Bio-Rad
68,TECH,Bio-Techne
69,BIIB,Biogen
70,BLK,BlackRock
71,BK,BNY Mellon
72,BA,Boeing
73,BKNG,Booking Holdings
74,BWA,BorgWarner
75,BXP,Boston Properties
76,BSX,Boston Scientific
77,BMY,Bristol Myers Squibb
78,AVGO,Broadcom Inc.
79,BR,Broadridge Financial Solutions
80,BRO,Brown & Brown
81,BF.B,Brown–Forman
82,BG,Bunge Limited
83,CHRW,C.H. Robinson
84,CDNS,Cadence Design Systems
85,CZR,Caesars Entertainment
86,CPT,Camden Property Trust
87,CPB,Campbell Soup Company
88,COF,Capital One
89,CAH,Cardinal Health
90,KMX,CarMax
91,CCL,Carnival
92,CARR,Carrier Global
93,CTLT,Catalent
94,CAT,Caterpillar Inc.
95,CBOE,Cboe Global Markets
96,CBRE,CBRE Group
97,CDW,CDW
98,CE,Celanese
99,CNC,Centene Corporation
100,CNP,CenterPoint Energy
101,CDAY,Ceridian
102,CF,CF Industries
103,CRL,Charles River Laboratories
104,SCHW,Charles Schwab Corporation
105,CHTR,Charter Communications
106,CVX,Chevron Corporation
107,CMG,Chipotle Mexican Grill
108,CB,Chubb Limited
109,CHD,Church & Dwight
110,CI,Cigna
111,CINF,Cincinnati Financial
112,CTAS,Cintas
113,CSCO,Cisco
114,C,Citigroup
115,CFG,Citizens Financial Group
116,CLX,Clorox
117,CME,CME Group
118,CMS,CMS Energy
119,KO,Coca-Cola Company (The)
120,CTSH,Cognizant
121,CL,Colgate-Palmolive
122,CMCSA,Comcast
123,CMA,Comerica
124,CAG,Conagra Brands
125,COP,ConocoPhillips
126,ED,Consolidated Edison
127,STZ,Constellation Brands
128,CEG,Constellation Energy
129,COO,CooperCompanies
130,CPRT,Copart
131,GLW,Corning Inc.
132,CTVA,Corteva
133,CSGP,CoStar Group
134,COST,Costco
135,CTRA,Coterra
136,CCI,Crown Castle
137,CSX,CSX
138,CMI,Cummins
139,CVS,CVS Health
140,DHI,D.R. Horton
141,DHR,Danaher Corporation
142,DRI,Darden Restaurants
143,DVA,DaVita Inc.
144,DE,John Deere
145,DAL,Delta Air Lines
146,XRAY,Dentsply Sirona
147,DVN,Devon Energy
148,DXCM,Dexcom
149,FANG,Diamondback Energy
150,DLR,Digital Realty
151,DFS,Discover Financial
152,DIS,Disney
153,DG,Dollar General
154,DLTR,Dollar Tree
155,D,Dominion Energy
156,DPZ,Domino's
157,DOV,Dover Corporation
158,DOW,Dow Inc.
159,DTE,DTE Energy
160,DUK,Duke Energy
161,DD,DuPont
162,DXC,DXC Technology
163,EMN,Eastman Chemical Company
164,ETN,Eaton Corporation
165,EBAY,eBay
166,ECL,Ecolab
167,EIX,Edison International
168,EW,Edwards Lifesciences
169,EA,Electronic Arts
170,ELV,Elevance Health
171,LLY,Eli Lilly and Company
172,EMR,Emerson Electric
173,ENPH,Enphase
174,ETR,Entergy
175,EOG,EOG Resources
176,EPAM,EPAM Systems
177,EQT,EQT
178,EFX,Equifax
179,EQIX,Equinix
180,EQR,Equity Residential
181,ESS,Essex Property Trust
182,EL,Estée Lauder Companies (The)
183,ETSY,Etsy
184,EG,Everest Re
185,EVRG,Evergy
186,ES,Eversource
187,EXC,Exelon
188,EXPE,Expedia Group
189,EXPD,Expeditors International
190,EXR,Extra Space Storage
191,XOM,ExxonMobil
192,FFIV,"F5, Inc."
193,FDS,FactSet
194,FICO,Fair Isaac
195,FAST,Fastenal
196,FRT,Federal Realty
197,FDX,FedEx
198,FITB,Fifth Third Bank
199,FSLR,First Solar
200,FE,FirstEnergy
201,FIS,FIS
202,FI,Fiserv
203,FLT,Fleetcor
204,FMC,FMC Corporation
205,F,Ford Motor Company
206,FTNT,Fortinet
207,FTV,Fortive
208,FOXA,Fox Corporation (Class A)
209,FOX,Fox Corporation (Class B)
210,BEN,Franklin Templeton
211,FCX,Freeport-McMoRan
212,GRMN,Garmin
213,IT,Gartner
214,GEHC,GE HealthCare
215,GEN,Gen Digital
216,GNRC,Generac
217,GD,General Dynamics
218,GE,General Electric
219,GIS,General Mills
220,GM,General Motors
221,GPC,Genuine Parts Company
222,GILD,Gilead Sciences
223,GL,Globe Life
224,GPN,Global Payments
225,GS,Goldman Sachs
226,HAL,Halliburton
227,HIG,Hartford (The)
228,HAS,Hasbro
229,HCA,HCA Healthcare
230,PEAK,Healthpeak
231,HSIC,Henry Schein
232,HSY,Hershey's
233,HES,Hess Corporation
234,HPE,Hewlett Packard Enterprise
235,HLT,Hilton Worldwide
236,HOLX,Hologic
237,HD,Home Depot (The)
238,HON,Honeywell
239,HRL,Hormel Foods
240,HST,Host Hotels & Resorts
241,HWM,Howmet Aerospace
242,HPQ,HP Inc.
243,HUM,Humana
244,HBAN,Huntington Bancshares
245,HII,Huntington Ingalls Industries
246,IBM,IBM
247,IEX,IDEX Corporation
248,IDXX,Idexx Laboratories
249,ITW,Illinois Tool Works
250,ILMN,Illumina
251,INCY,Incyte
252,IR,Ingersoll Rand
253,PODD,Insulet
254,INTC,Intel
255,ICE,Intercontinental Exchange
256,IFF,International Flavors & Fragrances
257,IP,International Paper
258,IPG,Interpublic Group of Companies (The)
259,INTU,Intuit
260,ISRG,Intuitive Surgical
261,IVZ,Invesco
262,INVH,Invitation Homes
263,IQV,IQVIA
264,IRM,Iron Mountain
265,JBHT,J.B. Hunt
266,JKHY,Jack Henry & Associates
267,J,Jacobs Solutions
268,JNJ,Johnson & Johnson
269,JCI,Johnson Controls
270,JPM,JPMorgan Chase
271,JNPR,Juniper Networks
272,K,Kellogg's
273,KDP,Keurig Dr Pepper
274,KEY,KeyCorp
275,KEYS,Keysight
276,KMB,Kimberly-Clark
277,KIM,Kimco Realty
278,KMI,Kinder Morgan
279,KLAC,KLA Corporation
280,KHC,Kraft Heinz
281,KR,Kroger
282,LHX,L3Harris
283,LH,LabCorp
284,LRCX,Lam Research
285,LW,Lamb Weston
286,LVS,Las Vegas Sands
287,LDOS,Leidos
288,LEN,Lennar
289,LNC,Lincoln Financial
290,LIN,Linde plc
291,LYV,Live Nation Entertainment
292,LKQ,LKQ Corporation
293,LMT,Lockheed Martin
294,L,Loews Corporation
295,LOW,Lowe's
296,LYB,LyondellBasell
297,MTB,M&T Bank
298,MRO,Marathon Oil
299,MPC,Marathon Petroleum
300,MKTX,MarketAxess
301,MAR,Marriott International
302,MMC,Marsh McLennan
303,MLM,Martin Marietta Materials
304,MAS,Masco
305,MA,Mastercard
306,MTCH,Match Group
307,MKC,McCormick & Company
308,MCD,McDonald's
309,MCK,McKesson
310,MDT,Medtronic
311,MRK,Merck & Co.
312,META,Meta Platforms
313,MET,MetLife
314,MTD,Mettler Toledo
315,MGM,MGM Resorts
316,MCHP,Microchip Technology
317,MU,Micron Technology
318,MSFT,Microsoft
319,MAA,Mid-America Apartment Communities
320,MRNA,Moderna
321,MHK,Mohawk Industries
322,MOH,Molina Healthcare
323,TAP,Molson Coors Beverage Company
324,MDLZ,Mondelez International
325,MPWR,Monolithic Power Systems
326,MNST,Monster Beverage
327,MCO,Moody's Corporation
328,MS,Morgan Stanley
329,MOS,Mosaic Company (The)
330,MSI,Motorola Solutions
331,MSCI,MSCI
332,NDAQ,"Nasdaq, Inc."
333,NTAP,NetApp
334,NFLX,Netflix
335,NWL,Newell Brands
336,NEM,Newmont
337,NWSA,News Corp (Class A)
338,NWS,News Corp (Class B)
339,NEE,NextEra Energy
340,NKE,"Nike, Inc."
341,NI,NiSource
342,NDSN,Nordson Corporation
343,NSC,Norfolk Southern Railway
344,NTRS,Northern Trust
345,NOC,Northrop Grumman
346,NCLH,Norwegian Cruise Line Holdings
347,NRG,NRG Energy
348,NUE,Nucor
349,NVDA,Nvidia
350,NVR,"NVR, Inc."
351,NXPI,NXP Semiconductors
352,ORLY,O'Reilly Auto Parts
353,OXY,Occidental Petroleum
354,ODFL,Old Dominion
355,OMC,Omnicom Group
356,ON,ON Semiconductor
357,OKE,ONEOK
358,ORCL,Oracle Corporation
359,OGN,Organon & Co.
360,OTIS,Otis Worldwide
361,PCAR,Paccar
362,PKG,Packaging Corporation of America
363,PANW,Palo Alto Networks
364,PARA,Paramount Global
365,PH,Parker Hannifin
366,PAYX,Paychex
367,PAYC,Paycom
368,PYPL,PayPal
369,PNR,Pentair
370,PEP,PepsiCo
371,PFE,Pfizer
372,PCG,PG&E Corporation
373,PM,Philip Morris International
374,PSX,Phillips 66
375,PNW,Pinnacle West
376,PXD,Pioneer Natural Resources
377,PNC,PNC Financial Services
378,POOL,Pool Corporation
379,PPG,PPG Industries
380,PPL,PPL Corporation
381,PFG,Principal Financial Group
382,PG,Procter & Gamble
383,PGR,Progressive Corporation
384,PLD,Prologis
385,PRU,Prudential Financial
386,PEG,Public Service Enterprise Group
387,PTC,PTC
388,PSA,Public Storage
389,PHM,PulteGroup
390,QRVO,Qorvo
391,PWR,Quanta Services
392,QCOM,Qualcomm
393,DGX,Quest Diagnostics
394,RL,Ralph Lauren Corporation
395,RJF,Raymond James
396,RTX,Raytheon Technologies
397,O,Realty Income
398,REG,Regency Centers
399,REGN,Regeneron
400,RF,Regions Financial Corporation
401,RSG,Republic Services
402,RMD,ResMed
403,RVTY,Revvity
404,RHI,Robert Half
405,ROK,Rockwell Automation
406,ROL,"Rollins, Inc."
407,ROP,Roper Technologies
408,ROST,Ross Stores
409,RCL,Royal Caribbean Group
410,SPGI,S&P Global
411,CRM,Salesforce
412,SBAC,SBA Communications
413,SLB,Schlumberger
414,STX,Seagate Technology
415,SEE,Sealed Air
416,SRE,Sempra Energy
417,NOW,ServiceNow
418,SHW,Sherwin-Williams
419,SPG,Simon Property Group
420,SWKS,Skyworks Solutions
421,SJM,J.M. Smucker Company (The)
422,SNA,Snap-on
423,SEDG,SolarEdge
424,SO,Southern Company
425,LUV,Southwest Airlines
426,SWK,Stanley Black & Decker
427,SBUX,Starbucks
428,STT,State Street Corporation
429,STLD,Steel Dynamics
430,STE,Steris
431,SYK,Stryker Corporation
432,SYF,Synchrony Financial
433,SNPS,Synopsys
434,SYY,Sysco
435,TMUS,T-Mobile US
436,TROW,T. Rowe Price
437,TTWO,Take-Two Interactive
438,TPR,"Tapestry, Inc."
439,TRGP,Targa Resources
440,TGT,Target Corporation
441,TEL,TE Connectivity
442,TDY,Teledyne Technologies
443,TFX,Teleflex
444,TER,Teradyne
445,TSLA,"Tesla, Inc."
446,TXN,Texas Instruments
447,TXT,Textron
448,TMO,Thermo Fisher Scientific
449,TJX,TJX Companies
450,TSCO,Tractor Supply
451,TT,Trane Technologies
452,TDG,TransDigm Group
453,TRV,Travelers Companies (The)
454,TRMB,Trimble Inc.
455,TFC,Truist
456,TYL,Tyler Technologies
457,TSN,Tyson Foods
458,USB,U.S. Bank
459,UDR,"UDR, Inc."
460,ULTA,Ulta Beauty
461,UNP,Union Pacific Corporation
462,UAL,United Airlines Holdings
463,UPS,United Parcel Service
464,URI,United Rentals
465,UNH,UnitedHealth Group
466,UHS,Universal Health Services
467,VLO,Valero Energy
468,VTR,Ventas
469,VRSN,Verisign
470,VRSK,Verisk
471,VZ,Verizon
472,VRTX,Vertex Pharmaceuticals
473,VFC,VF Corporation
474,VTRS,Viatris
475,VICI,Vici Properties
476,V,Visa Inc.
477,VMC,Vulcan Materials Company
478,WAB,Wabtec
479,WBA,Walgreens Boots Alliance
480,WMT,Walmart
481,WBD,Warner Bros. Discovery
482,WM,Waste Management
483,WAT,Waters Corporation
484,WEC,WEC Energy Group
485,WFC,Wells Fargo
486,WELL,Welltower
487,WST,West Pharmaceutical Services
488,WDC,Western Digital
489,WRK,WestRock
490,WY,Weyerhaeuser
491,WHR,Whirlpool Corporation
492,WMB,Williams Companies
493,WTW,Willis Towers Watson
494,GWW,W. W. Grainger
495,WYNN,Wynn Resorts
496,XEL,Xcel Energy
497,XYL,Xylem Inc.
498,YUM,Yum! Brands
499,ZBRA,Zebra Technologies
500,ZBH,Zimmer Biomet
501,ZION,Zions Bancorporation
502,ZTS,Zoetis
